INSERT INTO public.game (id, created_at, updated_at, name, description, cover_url, developer, release_year) VALUES (3, '2020-10-28 14:35:23.792456+00', '2020-10-28 22:16:33.314229+00', 'Factorio', 'Factorio is an isometric space real-time strategy developed by Wube Software. Story An astronaut is stranded on the surface of a distant unknown planet, that is full with low life forms and fossil fuels. His main objective now is to survive and build a rocket to leave the planet.', 'https://cdn.factorio.com/assets/img/blog/fff-310-factorio-cover-017-stable.png', 'Wube Software', 2018);
INSERT INTO public.game (id, created_at, updated_at, name, description, cover_url, developer, release_year) VALUES (2, '2020-10-28 14:34:04.588142+00', '2020-10-28 22:16:57.741355+00', 'Cyberpunk 2077', 'Cyberpunk 2077 is a science fiction game loosely based on the role-playing game Cyberpunk 2020. Setting The game is set in the year 2077 in a fictional futuristic metropolis Night City in California. In the world of the game, there are developed cybernetic augmentations that enhance people''s strength, agility, and memory. The city is governed by corporations. Many jobs are taken over by the robots, leaving a lot of people poor and homeless. ', 'https://exatcode.com/wp-content/uploads/2019/12/cyberpunk-2077-box-art-01-ps4-us-06jun19.jpg', 'CD Projekt Red', 2020);
INSERT INTO public.game (id, created_at, updated_at, name, description, cover_url, developer, release_year) VALUES (5, '2020-10-28 14:36:47.470211+00', '2020-10-28 22:17:11.140144+00', 'Hades', 'Hades is a rogue-like dungeon crawler that combines the best aspects of Supergiant''s critically acclaimed titles, including the fast-paced action of Bastion, the rich atmosphere and depth of Transistor, and the character-driven storytelling of Pyre. BATTLE OUT OF HELL As the immortal Prince of the Underworld, you''ll wield the powers and mythic weapons of Olympus to break free from the clutches of the god of the dead himself, while growing stronger and unraveling more of the story with each unique escape attempt. ', 'https://www.mobygames.com/images/covers/l/684524-hades-nintendo-switch-front-cover.jpg', 'Supergiant Games', 2014);
INSERT INTO public.genre (id, name) VALUES (1, 'Action');
INSERT INTO public.genre (id, name) VALUES (2, 'RPG');
INSERT INTO public.genre (id, name) VALUES (3, 'Action RPG');
INSERT INTO public.genre (id, name) VALUES (4, 'Sandbox');
INSERT INTO public.game_genre (game_id, genre_id) VALUES (2, 1);
INSERT INTO public.game_genre (game_id, genre_id) VALUES (2, 2);
INSERT INTO public.game_genre (game_id, genre_id) VALUES (2, 3);
INSERT INTO public.game_genre (game_id, genre_id) VALUES (3, 2);
INSERT INTO public.game_genre (game_id, genre_id) VALUES (3, 4);
INSERT INTO public.game_genre (game_id, genre_id) VALUES (5, 1);
INSERT INTO public."user" (id, username, name, avatar_url) VALUES (1, 'johndoe24', 'John Doe', 'https://via.placeholder.com/150/FF0000/FFFFFF');
INSERT INTO public."user" (id, username, name, avatar_url) VALUES (2, 'emilyrose', 'Emily Rose', 'https://via.placeholder.com/150/ffaa00/FFFFFF');
INSERT INTO public."user" (id, username, name, avatar_url) VALUES (3, 'Sherlock', 'Sherlock Holmes', 'https://via.placeholder.com/150/bbaa00/FFFFFF');
INSERT INTO public.review (id, user_id, game_id, title, comment, score, "createdAt") VALUES (1, 1, 2, 'Amazing', 'This is an amazing game, I can''t find any other game like this. There has never been a game delayed 4 god damn times.', 10, '2020-10-29 15:58:59.089329+00');
INSERT INTO public.review (id, user_id, game_id, title, comment, score, "createdAt") VALUES (3, 2, 5, 'Boring...', 'For roguelite, this game is boring. Lorem ipsum dolor sit amet, consectetur adipiscing elit. In eget dictum est. Aliquam suscipit magna fermentum felis laoreet iaculis. Nullam turpis orci, maximus et metus quis, semper porttitor velit. Mauris sed metus congue, convallis urna sit amet, egestas risus. In vestibulum justo sit amet diam lacinia, ut dapibus diam maximus. Proin sit amet pellentesque ligula. Integer finibus lacinia risus, id scelerisque turpis maximus nec. Nam viverra porta dui id sagittis. Nulla cursus enim sed sem consectetur porttitor. In accumsan convallis enim, sit amet malesuada lectus ullamcorper in. Cras ornare eget turpis sit amet gravida.', 6, '2020-10-28 15:58:59.089329+00');
INSERT INTO public.review (id, user_id, game_id, title, comment, score, "createdAt") VALUES (2, 1, 5, 'Wow...', 'An action packed combat like this is rare. I didn''t expect much from the start, but Hades delivers so well that I can''t explain it with words. One word, WOW!', 10, '2020-10-27 15:58:59.089329+00');
INSERT INTO public.review (id, user_id, game_id, title, comment, score, "createdAt") VALUES (4, 2, 3, 'I can never stop, this game is so good!', 'This is extremely addictive. I have never found a game as addicting. No wonder it is called "Cracktorio"', 10, '2020-10-26 15:58:59.089329+00');
INSERT INTO public.review (id, user_id, game_id, title, comment, score, "createdAt") VALUES (5, 2, 2, 'Ew...', 'To be honest, this game is extremely beautiful with an amazing story if you have more than 30 fps. I have an extremely expensive PC yet this game runs like trash.', 7, '2020-10-25 15:58:59.089329+00');
INSERT INTO public.review (id, user_id, game_id, title, comment, score, "createdAt") VALUES (6, 3, 2, 'Cyberpunk more like CyberFUNK', 'this game is so funky i liek it lmao lol YES', 10, '2020-10-24 15:58:59.089329+00');
INSERT INTO public.review (id, user_id, game_id, title, comment, score, "createdAt") VALUES (7, 3, 3, 'The factory must GROW', 'The factory must grow, it have to go BIGGER! The possibilities in this game is endless.', 10, '2020-10-23 15:58:59.089329+00');
INSERT INTO public.review (id, user_id, game_id, title, comment, score, "createdAt") VALUES (8, 3, 5, 'Should''ve bought this since early access', 'This game is so polished, fun, and gritty!', 9, '2020-10-22 15:58:59.089329+00');
SELECT pg_catalog.setval('public.game_id_seq', 5, true);
SELECT pg_catalog.setval('public.genre_id_seq', 4, true);
SELECT pg_catalog.setval('public.review_id_seq', 8, true);
SELECT pg_catalog.setval('public.user_id_seq', 3, true);
